hashed_id,mean_normalized_num_actions,num_top10pct_rows_for_participant
b26c49180b83bf949a81df13cdfe602a,5.279570,1
c0841ccd8b2c5b64b36888e79697cb1a,4.954839,1
b307b18350144a13c42b141bf4fc06f2,4.701493,1
4c941893b4d29b78532bba9e472fe3f7,4.162162,1
c91deae33e83c5853cfb1a4b1376ce42,3.754443,1
ef3ae2d9b3cce05442698962a0a96f2b,3.392308,1
9a2397cc1d145b1aff7a69a7fb51e3ff,3.309831,1
061f06908316d683089d3a04d5004fbf,3.258993,1
c623886065ada7cd006d849070a6c9ef,2.985935,2
069b5bcb5260e313c6c0ca720699b803,2.900662,1
133920c4c4f59b0ccb1e2b2b9037fb4d,2.796992,1
dde1eb7fb6a928fc39e2d76f5382ce28,2.754386,2
2a1e5044e12921b39732edc9df88d871,2.750000,1
6163eae42f7d15eb1810b2c6de68072a,2.724138,1
063547ca4fb1523d4e3b1236a77d5a0a,2.684211,1
c5dcbaee2832c1a68e48f3f20d5f7d34,2.674221,1
258375c2da59f734e73aff5504397ed5,2.661130,1
94f95a28cac78caabddbc27cbf734ab5,2.658824,1
eba2a92544ddf47684572e689664bec9,2.655063,2
7372c9fb3779ad27feda213a99b4184c,2.628458,1
5c8a3bdd860e01aa97ef1f87d066b48d,2.619718,1
3ebdc1cb74e9f8f6017a9114d8d7a535,2.607930,1
f3d1a35fae91222c18b6430ecf049def,2.607430,1
f6a2c1821ddddcbab6e7a0941c26911c,2.606906,1
e97b01b2b6caf817135950e1e81d18b9,2.601329,1
5788c1381c38a7d46fdf053083acb7ab,2.576687,1
86a9cc9d4640c88ca884b3e6f0df6762,2.555113,1
cca19671575d799eaff74baa67d2e9ea,2.537037,1
02ed2ff9368185366c19610d39a48a43,2.489083,1
686ba5379a39f2329426d7083a36d408,2.460432,1
f4ab1e6fed6e484ab6825cd85fb381a7,2.440409,1
ab597aa645c1ea90403ffa54df2b8cb6,2.434211,1
88b85cdc5a6df1864127e2490dc08bed,2.424490,1
30c6b1eee2be733745c36dce48155367,2.412281,1
68b7c676b543075b33204ff40ae76985,2.395062,1
a938ac4a5d85ac41cf620a1ce6041488,2.385321,1
b9d3dceebe1c4fd1f649004aa37859ef,2.380814,1
7e3feb578c44cbd17312fb7a6443ce3b,2.379310,1
bc417ae6d197f83b365c107ba6b688b8,2.371429,1
88fe0689f0b4a82ee3e66d6552533cd7,2.363171,2
f5a0ec470968780ed12c3da6cb1ce9a0,2.357143,1
cadd12df9bd49b9d5b908816b0551da2,2.350427,1
8774b97b624a2f8efe72e5e1dbe6e8a3,2.339473,2
79a2fe714f7a69290a38a4a4fd6fb006,2.333874,1
1ac69b338cac41b1ebe19d8d48752023,2.328244,1
287cf23755310bb9e8a3a2cf10eda058,2.321244,1
44749b34fa707ed3fc41a5d95662ba13,2.315467,2
a96e59284dc0f9b89d10befaabab0731,2.311111,1
5efbc9e8e092a37c76d496f19bb9cc1e,2.304124,1
bc161afc811daae14682622634baf3cc,2.293896,3
f7217d2a68babc06d246b9413cd9f08a,2.280000,1
0b565a53e11d471ed7ea2725448c2671,2.273925,2
23609d6e8ff2ec858b2e02d424674908,2.265008,2
3b14d33521f80ad0e41cafb264b84b2a,2.264423,1
0091198689f23fa8719bcf996801e8c7,2.263415,1
22fabcb92d8909e75c71f892ca2a586f,2.259164,2
0489e0eb67afbec67923afd52d99197f,2.238182,2
b2950e829680cf0fef53daa28bed98bf,2.236382,2
16cc2e4ab0e117ad863ecadbc77288f6,2.234043,1
eb2b525969014cfc1f4d7f0985bf970a,2.218650,1
c1c76db97c34eaf63899a1586719effd,2.211340,1
340b89b2ffcd1548eff2e0ba2721d98a,2.210811,2
b0f10c0db79e55b652683f14500efad2,2.210526,1
047a5f031e5d7bfa6c2eb039ceab439b,2.206128,1
b1c73d948746d5ebf85e18e23fcdfc3c,2.199313,1
4b9ff461bcb8a879552b1f91fafae97c,2.198276,1
8a466b27b24602481fcfdaccf443f561,2.181818,1
45899c141fe1b4809c78ea8846d3be21,2.176477,2
43f22d39ec060a84dd16c116878380c7,2.175926,1
b45f198d54804113935eee8d2ad37f76,2.174419,1
f635054e59b7a899eac4864c468d0807,2.163090,1
7426449648c92ad3972bf2c82e51c530,2.162580,4
f9927e661916935c68f2884dd5accefe,2.158038,1
11df1e24129b7f66bf22e83243dbb0f9,2.141267,2
8b9717aac8bb61039ed58c387e4fa250,2.139738,1
4f0df0d61f1c8751cf66ef4fc8c5d98c,2.136364,1
63dcb241b88d5ac635590dddbb2fb733,2.124138,1
e0ca23fc8608e4415494fa1dccea837c,2.118030,2
6ce74c0a4794b6f332b4e0c200cd5fff,2.116669,2
44ffe391e2224bb0463f064bf2f27349,2.103896,1
b04640fdc8f11340e6bd6be7633e56e9,2.092437,1
b4326527b5a249d8039e0e4ec3d2eb85,2.092105,1
186844c513023d14482ee5c6436378a3,2.067114,2
2780ccc98ed0d1462225fa8fc5409508,2.067084,2
74f061a40690a0308e1ce08e88ace6ab,2.065404,1
ee11e1dac29bc47c4e9c5835aea7cd76,2.064309,1
edb03278d652246aa74a5c40cb565499,2.041420,1
2fbe1b3944536ac722299656cb7e654a,2.040984,1
29e1dedb43ad72cdf251c740bf2779ad,2.036364,1
2a9f88a280e5a494865b11e466663ff0,2.029106,1
be51ad2bf47ef1a0d3f31e1cf19bc3a3,2.028571,1
1a3e36c59bdf2307e4133574eb601345,2.026810,1
f9eb47fca19ae78a88df6da565d18061,2.025000,1
ae3861ba6649329e8f4472a1d335e9fa,2.023529,1
3a51fb2241834d80cd557f6649157744,2.022989,1
86b3c54a2491a6cb73f867ea9fb144a1,2.020921,1
7c3f0d5ec05185be127ab78876395426,2.018595,3
468133debd1059f212dc2013d14d463d,2.011494,1
220b6df09c1946d97c745853a58fef5a,2.008090,2
1f7cc6dbe731e3fb05ee41b4a9cd7cb6,2.007435,1
2161250b0cb5807e5aae06240034a8f4,2.003929,1
37289334396727fffe878187ca738a35,2.002907,1
aba28253771a798ffe0b943a41c5f2dd,2.000492,2
e709577bc7380f4fd83534d7542c58f7,2.000000,1
